Electrical tools manufacture services,73171503,D9999999,temporary unmapped digital goods sku   taxable default electrical print
Palletized cargo storage,78131601,DA010000,digital goods  advertising material digital    physical media electrical print storage
Palletized cargo storage,78131601,DA030000,digital goods  art digital    physical media electrical print storage
Palletized cargo storage,78131601,DA040000,digital goods  audio digital    physical media electrical print storage
Radioactive waste treatment compactors or incinerators,26142401,DA040100,radio subscriptions
Digital integrated circuits,32101620,DA051011,digital audio rights permanent electrical print integrated circuits workstation
Digital integrated circuits,32101620,DA051012,digital audio rights conditioned continued payments electrical print integrated circuits workstation
Digital integrated circuits,32101620,DA051013,digital audio electrical print integrated circuits workstation
Digital integrated circuits,32101620,DA059399,digital audio rights permanent electrical print integrated circuits workstation
Palletized cargo storage,78131601,DB010000,digital goods  blueprints digital    physical media electrical print storage
Palletized cargo storage,78131601,DB020000,digital goods  books digital    physical media electrical print storage printed 
Receipts or receipt books,14111802,DB031013,digital books rights permanent electrical print business papers printed 
Receipts or receipt books,14111802,DB031014,digital books rights permanent electrical print business papers printed 
Receipts or receipt books,14111802,DB031015,digital books rights conditioned continued payments electrical print business papers printed 
Receipts or receipt books,14111802,DB031016,digital books electrical print business papers printed 
Computer software rental or leasing service,81112502,DC010100,custom computer software   physical media  licensing rental leasing service storage
Computer software rental or leasing service,81112502,DC010200,custom computer software   electronically  licensing rental leasing service
Computer software rental or leasing service,81112502,DC010300,custom computer software    licensing rental leasing service
Computer software rental or leasing service,81112502,DC010400,computer software prewritten canned physical media  licensing rental leasing service storage
Computer software rental or leasing service,81112502,DC010500,computer software prewritten canned electronically  licensing rental leasing service
Computer software rental or leasing service,81112502,DC010600,computer software prewritten canned delivered  licensing rental leasing service
Computer software rental or leasing service,81112502,DC011000,computer software system software licensing rental leasing service maintenance support
Computer software rental or leasing service,81112502,DC020100,custom computer software   physical media  licensing rental leasing service storage
Computer software rental or leasing service,81112502,DC020200,custom computer software   electronically  licensing rental leasing service
Computer software rental or leasing service,81112502,DC020300,custom computer software    licensing rental leasing service
Computer software rental or leasing service,81112502,DC020600,computer software   prewritten canned delivered  licensing rental leasing service
Computer software rental or leasing service,81112502,DC020402,computer software   educational   prewritten canned   physical media  licensing rental leasing service storage
Computer software rental or leasing service,81112502,DC020501,computer software   educational   prewritten canned   electronically  licensing rental leasing service
Computer software rental or leasing service,81112502,DC020502,computer software   educational   prewritten canned   electronically  licensing rental leasing service
Computer software rental or leasing service,81112502,DC020503,computer software   educational   prewritten canned   electronically    licensing rental leasing service
License management software,43231512,DC060000,canned software   license renewals    periodic license fee software
Palletized cargo storage,78131601,DC070000,cloud remote storage infrastructure
Palletized cargo storage,78131601,DD020000,digital goods  designs   plans digital    physical media electrical print storage
Palletized cargo storage,78131601,DD040000,digital goods  documentation ; digital    physical media electrical print storage
Palletized cargo storage,78131601,DG010100,digital goods  games physical media electrical print storage
Electronics kits,60106401,DG010200,digital goods  games streaming   electronic electrical print equipment
Electronics kits,60106401,DG010201,games   streaming   electronic  equipment
Electronics kits,60106401,DG010300,games   electronic   permanent ownership
Electronics kits,60106401,DG010301,games   streaming   electronic permanent ownership equipment
Electronics kits,60106401,DG010302,games   streaming   electronic permanent ownership   note  code apply chicago amusement tax transactions chicago addresses equipment
Graphics or video accelerator cards,43201401,DG020000,electronically delivered gift cards novelty certificate
Magnetic storage media erasers,52161537,DI010100,digital images physical media electrical print printers audio visual equipment storage
Electronics kits,60106401,DI010200,digital images streaming   electronic electrical print printers audio visual equipment equipment
Electronics kits,60106401,DI010201,digital images   streaming   electronic  electrical print printers audio visual equipment equipment
Palletized cargo storage,78131601,DL020000,digital goods  legal documentation digital    physical media electrical print storage
Magazines,55101506,DM010100,digital magazines digital version identical printed version business electrical print electronic publications
Digital industrial printing services,73151905,DM020100,digital goods  mailing lists physical media electrical print services storage
Electronics kits,60106401,DM020200,digital goods  mailing lists streaming   electronic electrical print services equipment
Palletized cargo storage,78131601,DM030100,digital goods  movies physical media electrical print entertainment theatre film storage
Electronics kits,60106401,DM030200,digital goods  movies streaming   electronic electrical print entertainment theatre film equipment
Electronics kits,60106401,DM030201,movies   streaming   electronic  entertainment theatre film equipment
Palletized cargo storage,78131601,DM040100,digital goods  music physical media electrical print storage
Electronics kits,60106401,DM040200,digital goods  music streaming   electronic electrical print equipment
Electronics kits,60106401,DM040201,music   streaming   electronic  equipment
Newspapers,55101504,DN010000,digital newspaper subscription – content print edition – business electrical print publication
Palletized cargo storage,78131601,DO010000,other digital goods    physical media electrical print storage
Palletized cargo storage,78131601,DP010100,digital goods  photographs physical media electrical print art storage
Electronics kits,60106401,DP010200,digital goods  photographs streaming   electronic electrical print equipment art
Electronics kits,60106401,DP010201,photographs   streaming   electronic  equipment art
Palletized cargo storage,78131601,DV010100,digital goods  videos physical media electrical print storage
Electronics kits,60106401,DV010200,digital goods  videos streaming   electronic electrical print equipment
Video editors,45111805,DV017194,video programming internet
Electronics kits,60106401,DV010201,videos   streaming   electronic  equipment
Home high fidelity audio system,52161510,DV021007,digital audio visual rights permanent electrical print
Home high fidelity audio system,52161510,DV021008,digital audio visual rights permanent electrical print
Home high fidelity audio system,52161510,DV021009,digital audio visual rights conditioned continued payments electrical print
Home high fidelity audio system,52161510,DV021010,digital audio visual rights permanent  electrical print
Home high fidelity audio system,52161510,DV029398,digital audio visual electrical print
Delivery trucks,25101604,FR010100,delivery company vehicle passage title transport
Delivery trucks,25101604,FR010200,delivery company vehicle passage title transport
Case for medical instrument sets,42171921,FR,shipping common carrier   fob destination backward compatibility
Case for medical instrument sets,42171921,FR020100,shipping common carrier   fob destination
Case for medical instrument sets,42171921,FR020200,shipping common carrier   fob origin
Case for medical instrument sets,42171921,FR020400,shipping common carrier   fob destination
Case for medical instrument sets,42171921,FR020500,shipping common carrier   fob origin
Diagnosis of fetus and newborn affected by forceps delivery,85381802,FR020800,shipping exceed actual cost delivery
Fresh aquatic invertebrates,50121705,FR020900,shipping exceed reasonable prevailing rates
Customer data maintenance service,80142001,FR022000,shipping – fob origin – customer shipping
Directional drilling surface control systems,20121804,FR021004,postage direct mail
Robotic or automated liquid handling systems,41121501,FR030000,shipping handling 
Delivery forms or delivery books,14111822,FR030700,shipping handling direct mail printed material mass audience delivery
Electronically erasable programmable read only memory EEPROM,32101606,FR040000,electronically delivered
Ammonium nitrate and fuel oil ANFO loading machinery,20102201,FR059314,freight loading unloading
Parking lot or road maintenance or repairs or services,72103301,FR060000,international freight service   canada air freight
Life insurance,84131601,FR070100,mandatory insurance shipments
Dry freight container,24112801,FR999999,temporary unmapped freight sku   taxable default
Temporary roadway lining plate,30191804,O9999999,temporary unmapped sku   taxable default
Theme parks,90151701,OA020100,admissions amusement parks
Theatrical performances or plays,90131501,OA020200,admissions concerts performance
Talent or entertainment,80141903,OA020500,admissions include entertainment amusement
Fresh cut avellana chile green,10501601,OA020600,admissions   green fees golf course tax
Fresh cut avellana chile green,10501601,OA020700,admissions   green fees golf course tax
Pool slides,49241702,OA026346,"admissions   billiards  pool domino parlors"
Talent or entertainment,80141903,OA020300,admissions entertainment amusement
Nightclubs,90152001,OA020310,admissions   adult entertainment club night
Competitive events,90141502,OA020400,admissions sporting events
Braces,31162503,OA020401,admissions   horse race
Youth sports,90141703,OA020402,admissions   combative sports
Cats,10101501,OA020403,admissions   motorsports
Theatrical prop construction service,82161501,OA020800,admissions   theatrical cinematic
Polyethylene films,13111201,OA020801,admissions   movies entertainment theatre film
Educational games,60141101,OA029338,admissions   participatory sports games
Bowling equipment,49211701,OA029339,admissions   bowling alley
Pinball games,49181504,OA029340,admissions   bingo game
Onion skin paper,14111501,OC030000,coupons third party paper
Demurrage fee,76122401,OC040000,convenience fee online reservation
Fresh cut avellana chile green,10501601,OC040100,convenience fee green fees golf course tax
Fresh cut avellana chile green,10501601,OC040200,convenience fee green fees golf course tax
Cats,10101501,OD010000,discounts
Cats,10101501,OD010300,discounts tpp
Property tax,93161601,OD010400,discount   instant manufacturer rebate taxable item requires entry rebate negative amount ensure proper tax calculation
Residues babool seed extraction,10152101,OD020400,dues membership guarantees transfer tpp magazine subscription comes membership
The diagnosis of insufficient social insurance and welfare support,85455109,OD020500,"dues social  fraternal  entertainment"
Nightclubs,90152001,OD020320,dues membership   transfer tpp retail shopping club
Graphics or video accelerator cards,43201401,OD030000,membership discount cards
Indene resins,13111058,OE010100,exchange trade ins items
National income tax,93161501,OF020000,cancellation fees tax
National income tax,93161501,OF030000,expedite fees tax
Original design and manufacturing service,73151503,OF040002,original 
Residues babool seed extraction,10152101,OF040003,re billed 
Third party warranty service,81111818,OF040004,third party 
Ferrous alloy plate,30102201,OF040005,late payment   penalty charge recurring debt   extension credit
Paper tubes or cores,24141701,OF050100,batteries   core charge fee refundable deposit
Standard cell,26111728,OF050200,battery  bulb  ballast recycling fee refundable stand fee  cell 
Secured credit card,64101801,OF060001,credit card processing fees   charged retailer passed customer   tax
Taxidermy services,82151508,OF070001,marketplace facilitator fees   fees commissions charged facilitated sales services lodging tax
Robotic or automated liquid handling systems,41121501,OH010000,handling identified shipping
Ready to eat or hot cereals,50221201,OL010000,license real estate commercial 
Monetary policy,81121601,OM010000,monetary donation
Diagnosis of nonspecific mesenteric lymphadenitis,85317101,ON010000,non refundable deposits
Certificate of deposit CD,64101501,ON010100,nonrefundable deposit   purchase
Diagnosis of nonspecific mesenteric lymphadenitis,85317101,ON030000,non taxable transaction
Sales tax,93161605,OO028842,occasional sales tax
National income tax,93161501,OR040000,restocking fees tax
"The diagnosis of medical procedure, unspecified  ",85448510,OR070000,"royalty fees ? fees periodic payment  time charge  based sales  ?patent  copyright  trademark  name economic value " tax
Helpdesk or call center software,43231501,OT010100,travel costs reimbursed prewritten software
Material conveyance system repair,72103102,OT010300,travel expenses repair tpp
Internal communication service,80172001,OT010400,travel expenses professional services
Glass or glass products manufacturing services,73121802,OT010600,services products expenses legal services
Cats,10101501,P0000000,tangible tpp
Property tax,93161601,P000000H,tpp hostess credits   requires entry hostess credit negative amount ensure proper tax calculation
Paper tubes or cores,24141701,P000100H,taxable tpp hostess credits tube 
Temporary roadway lining plate,30191804,P9999999,temporary unmapped tpp sku   taxable default
Agricultural briquetting or pelting machines,21102101,PA020100,agricultural commercial machinery equipment
Olive trees,10161501,PA020111,"agricultural commercial   plants food producing  annual" tree shrub
Poultry food,10121604,PA020113,agricultural commercial   seeds food producing   < 25 lbs
Elephants,10102001,PA020738,"food farm animals  wild animals  game"
Fresh cut apricot stock flower,10316901,PA028802,cut flowers
Livestock identification equipment,21101905,PA020120,agricultural livestock commercial   testing equipment
Livestock identification equipment,21101905,PA020121,agricultural livestock commercial   cleaning equipment supplies
Livestock identification equipment,21101905,PA020122,agricultural livestock commercial   livestock equipment
Livestock identification equipment,21101905,PA020123,agricultural livestock commercial   vaccine equipment
Electrophoresis system power supplies,41105303,PA020225,agricultural livestock commercial   grooming supplies livestock
Dental plate or denture brushes,42151901,PA020226,agricultural livestock commercial   hygiene supplies livestock
Cats,10101501,PA020227,"agricultural livestock commercial   pesticides  insecticides  herbicides livestock"
Cats,10101501,PA020228,agricultural livestock commercial   livestock identification
Compound feed,10121507,PA020229,agricultural livestock commercial   livestock feed
Livestock identification equipment,21101905,PA020230, protection equipment agricultural livestock commercial   safety supplies
Plastic glitter,60123604,PA020231,agricultural livestock commercial   litter
Cats,10101501,PA020300,agricultural livestock commercial   medicine
Vitamin A supplement,50501501,PA020301,agricultural livestock commercial   counter medicine supplements
Cats,10101501,PA020302,agricultural livestock commercial   prescription medicine
Cats,10101501,PA020303,agricultural livestock commercial   prescription medicine   veterinarians
E Coli vaccines,51201702,PA020304,agricultural livestock commercial   vaccines   veterinarians
Mobile medical services disaster body pouches,42171501,PA020400,agricultural livestock commercial   medical supplies
Inorganic clay stabilizers,12162601,PA020401,agricultural livestock commercial   vaccine stabilizers
Livestock identification equipment,21101905,PA020402,agricultural livestock commercial   needles & syringes equipment
Olive trees,10161501,PA020003,fertilizer  food producing plants    plant food food producing plants   root tree shrub
Fruit or vegetable cleaning services,73131701,PA020659,food producing seeds vegetable   herb   fruit
Fruit or vegetable cleaning services,73131701,PA020661,bulbs fruit vegetable onions    potatoes
Olive trees,10161501,PA020662,food producing woody plants tree shrub
Olive trees,10161501,PA020664,insecticides   fungicides food producing plants tree shrub
Sunflower seeds,10151904,PA020665,flower seeds
Olive trees,10161501,PA020668,dual purpose fertilizer  food producing plants  fertilizer  insecticide herbicide tree shrub
Eggfruit tree,10161525,PA021078,food producing plants vegetable   herb   fruit tree shrub
Sales tax,93161605,PA028858,pesticides   retail sales tax
Lime tree,10161583,PA029612,fertilizer  food producing plants    manure   compost   scotts   lime tree shrub
Peat moss,11121703,PA029613,peat moss   peat pots
Wheat seeds,10151601,PA029614,all seeds grass seeds  include bird seed
"Transplantation of other body system into products of conception,  via natural or artificial opening",85791001,PA100000,"audio products tapes  cds "
Domestic food storage containers,52152002,PA200522,containers storage equipment
Diamond turned mirrors,31241701,PA200546,mirrors
Chocolate or malt or other hot beverages,50202307,PA2010201,drink   cereal malt beverage alcohol 
Alcohol cocktails or drink mixes,50202207,PA2010400,drink   hard cider flavored beverages alcohol 
Soil,11111501,PA300741,motor oil   lubricants   grease   transmission fluid
Chamois leather,11162301,PA3000100, leather sheepfurniture
Chamois leather,11162301,PA3000101, leather sheepfurniture   mattress home 
Chamois leather,11162301,PA3000102, leather sheepfurniture   box spring home 
Enamel paints,31211501,PA3000200,architectural paint
Enamel paints,31211501,PA3000201,automotive paint
Enamel paints,31211501,PA3000202,aerosol paint
Enamel paints,31211501,PA3000203,marine paint
Marking paint,31211513,PA3000204,traffic marking paint
Marking paint,31211513,PA3000205,tree marking paint
Automobile tire tubes,25172502,PA3000300,passenger vehicle tire transport tube 
Heavy truck tire tube,25172509,PA3000301,commercial truck tire tube 
Motorcycle tire inner tube,25172514,PA3000302,motorcycle tire tube 
Automobile tire tubes,25172502,PA3000303,tires automotive tube 
Plywood,11122001,PA3000400,lumber   solid wood product
Plywood,11122001,PA3000401,lumber   engineered wood product
All terrain vehicles tracked or wheeled,25101905,PB040100,bicycle   wheel diameter >14 inches   costing =>$200 vehicle 
All terrain vehicles tracked or wheeled,25101905,PB040101,bicycle   wheel diameter >14 inches   costing <$200 vehicle 
All terrain vehicles tracked or wheeled,25101905,PB040102,bicycle   wheel diameter <14 inches   costing =>$200 vehicle 
All terrain vehicles tracked or wheeled,25101905,PB040103,bicycle   wheel diameter <14 inches   costing <$200 vehicle 
Comic books,55101505,PB100200,books   manuals printed 
Religious books,55101528,PB100300,books   manuals religious printed 
Educational or vocational textbooks,55101509,PB100400,"books   manuals bibles  hymnals  prayer books  text books church religious organization" printed 
Comic books,55101505,PB100817,comic books printed 
Comic books,55101505,PB100818,puzzle books printed 
Comic books,55101505,PB100819,entertainment books printed 
Flash memory storage card,43202005,PB100500, leather sheepbooks media published 501c3 qualified charitable organization purpose own mission storage printed 
Workover boats,20122836,PB200742,boats
Amino acid analyzer accessories or supplies,41115802,PB200743,boat accessories   seafood harvest supplies
Rechargeable batteries,26111701,PB308786,batteries accessories
Concrete transport truck,25101612,PB308787,lead acid vehicle battery excludes core charge deposits transport cell 
Redox flow battery or fuel cell,26111730,PB308788,lead acid farm tractor battery excludes core charge deposits cell 
Canvas bags,24111501,PB500000,checkout bag material
Canvas bags,24111501,PB500001,checkout bag material; retailers passing bag tax customers wholesaler collected bag tax;  
Gift wrapping paper or bags or boxes,14111601,PB500100,checkout bag paper
Overlaminate label,55121623,PB500101,checkout bag paper; max  capacity 8# approx  5 2l; contains min  20% postconsumer material; compostable recyclable; label percentage recycled content
Overlaminate label,55121623,PB500102,"checkout bag paper; min  capacity 1 8th barrel approx  14 5l; contains min  40% postconsumer material growth fiber; compostable recyclable; label recyclable  % recycled content  name location manufacturer"
Plastic bags,24111503,PB500200,checkout bag plastic
Intravenous or arterial pressure infusion bags,42221704,PB500201,checkout bag plastic; min  4 mils thick; term re 
"The diagnosis of dislocations, sprains and strains involving multiple regions of upper limbs  ",85431303,PB500202,"checkout bag plastic; min  2 25 mils thick; term re ; min  capacity 15l; washable disinfectable; label name location manufacturer  true statement bag contains heavy metals  percentage postconsumer material  "
Bismalemide fabric or cloth,11162102,PB500300,checkout bag cloth
"The diagnosis of dislocations, sprains and strains involving multiple regions of upper limbs  ",85431303,PB500301,"checkout bag cloth; term re ; min  capacity 15l; washable disinfectable; label name location manufacturer  true statement bag contains heavy metals  percentage postconsumer material  "
Oriental rugs,52101501,PC002386, rugs mat carpet
Autolytic debridement products,42312304,PC010000,cleaning products
Car seats,56101805,PC020000, infant toddler baby child car seats & restraints
Shower head,30181801,PC020598,head protection   youth bicycle helmets vehicle
Case for medical clothing,42171923,PC030100,clothing accessories  
Belts or suspenders,53102501,PC030101,aprons   household
Belts or suspenders,53102501,PC030103,sports  athletic
Case for medical clothing,42171923,PC030105,clothing accessories  bandanas
Caps,53102516,PC030106,bathing suits caps
Belts or suspenders,53102501,PC030108,sewing  clothing  belts suspenders
Bib,53102521,PC030109,bibs
Medical staff shoe covers or boots,42131609,PC030110,clothing accessories  boots
Boys coats or jackets,53101801,PC030111,coats jackets
Surgical jumpsuits and coveralls,42131706,PC030113,clothing accessories  coveralls
Termite shields,10191508,PC030115,clothing accessories  dress shields
Implanted hearing device external sound processors,42144001,PC030116,hearing  ear muffs
Belts or suspenders,53102501,PC030117,hoisery socks  foot
Implanted hearing device external sound processors,42144001,PC030118,hearing  formal wear rented
Case for medical clothing,42171923,PC030119,clothing accessories  galoshes
Garters,53102509,PC030120,sewing  garters garter belts
Case for medical clothing,42171923,PC030121,clothing accessories  girdles
Gloves or mittens,53102504,PC030122,apparel  gloves   cloth
Medical exam or non surgical procedure gloves,42132203,PC030123,apparel  gloves   leather
Medical exam or non surgical procedure gloves,42132203,PC030124,apparel  gloves   kid
Medical exam or non surgical procedure gloves,42132203,PC030125,skiing snow  apparel  leather  gloves   sheepskin
Medical exam or non surgical procedure gloves,42132203,PC030126,apparel  leather sheep gloves   fur
Medical exam or non surgical procedure gloves,42132203,PC030127,apparel  gloves   rubber
Medical exam or non surgical procedure gloves,42132203,PC030128,apparel  gloves  golf clothing
Hats,53102503,PC030129,hats caps
Case for medical clothing,42171923,PC030130,clothing accessories  hosiery
Belts or suspenders,53102501,PC030131,shoes  footwear  ergonomic  insoles shoes
Leather fleshing machines,23141601,PC030133,hearing  leather wearing apparel
Case for medical clothing,42171923,PC030134,clothing accessories  neckties
Case for medical clothing,42171923,PC030135,clothing accessories  nightgowns
Belts or suspenders,53102501,PC030137,hoisery  pantyhose
Boys coats or jackets,53101801,PC030138,coat jacket  ponchos
Medical staff dresses,42131614,PC030139,clothing accessories  prom dresses rented
Pet food bowls or equipment,10111304,PC030140,protection equipment  safety  hearing  rainwear
Case for medical clothing,42171923,PC030142,clothing accessories  sandals
Ties or scarves or mufflers,53102502,PC030143,clothing  scarves
Wood fueled fireplace,40102101,PC030144,shoes  footwear  shoes shoe laces
Belts or suspenders,53102501,PC030145,shoes  footwear  shoe inserts
Patient slippers or socks,42131507,PC030146,clothing accessories  slippers
Case for medical clothing,42171923,PC030147,clothing accessories  sneakers
Belts or suspenders,53102501,PC030148,hoisery  socks stockings
Belts or suspenders,53102501,PC030150,clothing  suspenders
Case for medical clothing,42171923,PC030151,clothing accessories  tuxedos rentals
Implanted hearing device external sound processors,42144001,PC030152,undergarment  hearing  underwear
"Planer, woodworking",23231904,PC030153,sports " uniform  athletic"
Patient bibs,42131501,PC030155,clothing accessories  wedding apparel rented
Case for medical clothing,42171923,PC030156,clothing accessories  clothes 
Belts or suspenders,53102501,PC030168,shoes  footwear  water   aqua shoes
Hot rolled c360 brass bar,30261501,PC031098,nursing bras
Mobile or rescue blankets,42171701,PC031114, night receiving blankets
Protective gloves,46181504,PC031210, apparel gloves     chore   garden   jersey
Case for medical clothing,42171923,PC030157, protection equipment  hearing clothing & products b2b   safety apparel suitable everyday wear
Hazardous material protective footwear,46181602,PC030158, shoes  protection equipment  safety  hearing clothing & products b2b   protective footwear
Baby baths or tubs,56101810,PC030500,infant toddler baby  childrens
Barber and salon hair cutting gown or cape,53131642,PC031146, bath body  drama play costumes capes robes   dress   toy cowboy hats   santa witches hats hair
Organic light emitting displays,43211905,PC039328, respiration protection  drama play costumes   masks 
Pet food bowls or equipment,10111304,PC030200,accessories equipment
Belts or suspenders,53102501,PC030201,business  briefcases
Cosmetics,53131619,PC030202,bath body  cosmetics
Barrettes,53131633,PC030203,bath body "hair notions   barrettes  hair  bows  hair nets"
Handbags or purses,53121601,PC030204,purse bag handbags
Handkerchiefs,53102512,PC030205,clothing  handkerchiefs
Case for medical clothing,42171923,PC030206,clothing accessories  jewelry
Eyewear holders or cases,46181801,PC030207,vision eye" sunglasses  prescription"
Umbrellas,53102505,PC030208,clothing  umbrellas
Belts or suspenders,53102501,PC030209,cash  wallets
Case for medical clothing,42171923,PC030210,clothing accessories  watches
Filter tip pipette tips,41121601,PC031138, sewing belt buckles belt tips belt
Bath and body powder,53131649,PC031226, bath body hair bows   fabric
Hair or beard nets,53131625,PC031234, bath body hair net   slumber caps
Shower caps,53131601,PC031242, bath body shower caps
Pet food bowls or equipment,10111304,PC030300,protection equipment  safety  protective equipment
Transient protection materials,39121620,PC030301,respiration protection  breathing masks
Pressure or steam cleaner accessories,47121903,PC030302,clean apparel equipment
Implanted hearing device external sound processors,42144001,PC030303,hearing  ear hearing protectors
Termite shields,10191508,PC030304,clothing accessories  shields
Hats,53102503,PC030305,hard hats
Shower head,30181801,PC030306,sports  head protection  helmets athletic
Shower head,30181801,PC030307,head protection  helmets bicycle vehicle
Motorcycle helmets,46181705,PC030308,head protection  helmets motorcycle
Shower head,30181801,PC030309,head protection helmets
Shower head,30181801,PC030310,head protection  helmets snowmobile
Enameling paints or mediums,60122701,PC030311,paint dust respirators
Protective gloves,46181504,PC030312, apparel  protection equipment  safety  hearing clothing & products b2b   protective gloves suitable everyday wear
Safety glasses,46181802,PC030313,protection equipment  safety glasses goggles
Hand sewing needles,60122003,PC030314,protection equipment  sewing  safety belts
Water based markers,60121501,PC030315,sewing  tool belts
Medical exam or non surgical procedure gloves,42132203,PC030316,apparel  respiration protection welders gloves masks
Pet food bowls or equipment,10111304,PC030400,sports recreational equipment
Belts or suspenders,53102501,PC030401,shoes  footwear  ballet tap shoes
Mens athletic footwear,53111901,PC030402,shoes  sports  footwear  cleated spiked athletic shoes
Medical exam or non surgical procedure gloves,42132203,PC030403,apparel " gloves baseball  bowling  boxing  hockey  golf"
Case for medical clothing,42171923,PC030404,clothing accessories  goggles
Surgical isolation suits or helmets or shields accessories,42131722,PC030405,clothing accessories  gym suits
Handkerchiefs,53102512,PC030406,hand elbow guards
"Planer, woodworking",23231904,PC030407," jogging outfits  sweat suits"
Life vests or preservers,46161604,PC030408,clothing accessories  life preservers vest
Belt guards,26111809,PC030409,clothing accessories  mouth guards
Grounding devices or assemblies,39121613,PC030410,roller ice skates
Casing patch parts and accessories,20121712,PC030411,clothing accessories  shin guards
Shoulder boards or epaulettes,53102520,PC030412,shoulder pads
Ski boots,49151501,PC030413,skiing snow  ski boots
"Planer, woodworking",23231904,PC030414,sports " uniform  athletic"
Case for medical clothing,42171923,PC030415,clothing accessories  waders
Youth sports,90141703,PC031034, sports athletic cup
Fire retardant footwear,46181601,PC031042, shoes  footwear bowling shoes
Boys folkloric clothing,53102201,PC031050, clothing sweatbands
Case for medical clothing,42171923,PC030600,clothing accessories  
Leather fleshing machines,23141601,PC030601,leather sheep fur
Medical exam or non surgical procedure gloves,42132203,PC030602,apparel  gloves
Belts or suspenders,53102501,PC030605,scuba  wetsuits
Swim goggles or swim fins,49141606,PC030606,surf  swim fins
Case for medical clothing,42171923,PC040100,clothing accessories  
Belts or suspenders,53102501,PC040101,aprons   household
Belts or suspenders,53102501,PC040103,sports  athletic
Case for medical clothing,42171923,PC040105,clothing accessories  bandanas
Caps,53102516,PC040106,bathing suits caps
Belts or suspenders,53102501,PC040108,sewing  clothing  belts suspenders
Bib,53102521,PC040109,bibs
Medical staff shoe covers or boots,42131609,PC040110,clothing accessories  boots
Boys coats or jackets,53101801,PC040111,coats jackets
Surgical jumpsuits and coveralls,42131706,PC040113,clothing accessories  coveralls
Termite shields,10191508,PC040115,clothing accessories  dress shields
Implanted hearing device external sound processors,42144001,PC040116,hearing  ear muffs
Belts or suspenders,53102501,PC040117,hoisery socks  foot
Implanted hearing device external sound processors,42144001,PC040118,hearing  formal wear
Case for medical clothing,42171923,PC040119,clothing accessories  galoshes
Garters,53102509,PC040120,sewing  garters garter belts
Case for medical clothing,42171923,PC040121,clothing accessories  girdles
Gloves or mittens,53102504,PC040122,apparel  gloves   cloth
Medical exam or non surgical procedure gloves,42132203,PC040123,apparel  gloves   leather
Medical exam or non surgical procedure gloves,42132203,PC040124,apparel  gloves   kid
Medical exam or non surgical procedure gloves,42132203,PC040125,skiing snow  apparel  leather  gloves   sheepskin
Medical exam or non surgical procedure gloves,42132203,PC040126,apparel  leather sheep gloves   fur
Medical exam or non surgical procedure gloves,42132203,PC040127,apparel  gloves   rubber
Medical exam or non surgical procedure gloves,42132203,PC040128,apparel  gloves  golf clothing
Hats,53102503,PC040129,hats caps
Case for medical clothing,42171923,PC040130,clothing accessories  hosiery
Belts or suspenders,53102501,PC040131,shoes  footwear  ergonomic  insoles shoes
Leather fleshing machines,23141601,PC040133,hearing  leather wearing apparel
Case for medical clothing,42171923,PC040134,clothing accessories  neckties
Case for medical clothing,42171923,PC040135,clothing accessories  nightgowns
Belts or suspenders,53102501,PC040137,hoisery  pantyhose
Boys coats or jackets,53101801,PC040138,coat jacket  ponchos
Medical staff dresses,42131614,PC040139,clothing accessories  prom dresses rented
Pet food bowls or equipment,10111304,PC040140,protection equipment  safety  hearing  rainwear
Case for medical clothing,42171923,PC040142,clothing accessories  sandals
Ties or scarves or mufflers,53102502,PC040143,clothing  scarves
Wood fueled fireplace,40102101,PC040144,shoes  footwear  shoes shoe laces
Belts or suspenders,53102501,PC040145,shoes  footwear  shoes inserts
Patient slippers or socks,42131507,PC040146,clothing accessories  slippers
Case for medical clothing,42171923,PC040147,clothing accessories  sneakers
Belts or suspenders,53102501,PC040148,hoisery  socks stockings
Belts or suspenders,53102501,PC040150,clothing  suspenders
Case for medical clothing,42171923,PC040151,clothing accessories  tuxedos rentals
Implanted hearing device external sound processors,42144001,PC040152,undergarment  hearing  underwear
"Planer, woodworking",23231904,PC040153,sports " uniform  athletic"
Patient bibs,42131501,PC040155,clothing accessories  wedding apparel rented
Case for medical clothing,42171923,PC040156,clothing accessories  clothes 
Belts or suspenders,53102501,PC040168,shoes  footwear  water   aqua shoes
Hot rolled c360 brass bar,30261501,PC041098,nursing bras
Mobile or rescue blankets,42171701,PC041114, night receiving blankets
Protective gloves,46181504,PC041210, apparel gloves     chore   garden   jersey
Sun protection products,53131609,PC040132, apparel  bath body clothing & products business consumer   gloves  cosmetic gloves
Case for medical clothing,42171923,PC040157, protection equipment  hearing clothing & products b2c   safety apparel suitable everyday wear
Hazardous material protective footwear,46181602,PC040158, shoes  protection equipment  safety  hearing clothing & products b2c   protective footwear
Pet food bowls or equipment,10111304,PC040200,accessories equipment
Belts or suspenders,53102501,PC040201,business  briefcases
Cosmetics,53131619,PC040202,bath body  cosmetics
Barrettes,53131633,PC040203,bath body "hair notions   barrettes  hair bows   hair nets"
Handbags or purses,53121601,PC040204,purse bag handbags
Handkerchiefs,53102512,PC040205,clothing  handkerchiefs
Case for medical clothing,42171923,PC040206,clothing accessories  jewelry
Eyewear holders or cases,46181801,PC040207,vision eye" sunglasses  prescription"
Umbrellas,53102505,PC040208,clothing  umbrellas
Belts or suspenders,53102501,PC040209,cash  wallets
Case for medical clothing,42171923,PC040210,clothing accessories  watches
Filter tip pipette tips,41121601,PC041138, sewing belt buckles belt tips belt
Bath and body powder,53131649,PC041226, bath body hair bows   fabric
Hair or beard nets,53131625,PC041234, bath body hair net   slumber caps
Shower caps,53131601,PC041242, bath body shower caps
Pet food bowls or equipment,10111304,PC040300,protection equipment  safety  protective equipment
Transient protection materials,39121620,PC040301,respiration protection  breathing masks
Pressure or steam cleaner accessories,47121903,PC040302,clean apparel equipment
Implanted hearing device external sound processors,42144001,PC040303,hearing  ear hearing protectors
Termite shields,10191508,PC040304,clothing accessories  shields
Hats,53102503,PC040305,hard hats
Shower head,30181801,PC040306,sports  head protection  helmets athletic
Shower head,30181801,PC040307,head protection  helmets bicycle vehicle
Motorcycle helmets,46181705,PC040308,head protection  helmets motorcycle
Shower head,30181801,PC040309,head protection  helmets
Shower head,30181801,PC040310,head protection  helmets snowmobile
Enameling paints or mediums,60122701,PC040311,paint dust respirators
Protective gloves,46181504,PC040312, apparel  protection equipment  safety  hearing clothing & products b2c   protective gloves suitable everyday wear
Safety glasses,46181802,PC040313,protection equipment  safety glasses goggles
Hand sewing needles,60122003,PC040314,protection equipment  sewing  safety belts
Water based markers,60121501,PC040315,sewing  tool belts
Medical exam or non surgical procedure gloves,42132203,PC040316,apparel  respiration protection  welders gloves masks
Pet food bowls or equipment,10111304,PC040400,sports recreational equipment
Polymerase chain reaction PCR optimizing products,41106307,PC040065,clothing & products   mouth guard   customized
Belts or suspenders,53102501,PC040401,shoes  footwear  ballet tap shoes
Mens athletic footwear,53111901,PC040402,shoes  sports  footwear  cleated spiked athletic shoes
Medical exam or non surgical procedure gloves,42132203,PC040403,apparel " gloves baseball  bowling  boxing  hockey  golf"
Case for medical clothing,42171923,PC040404,clothing accessories  goggles
Surgical isolation suits or helmets or shields accessories,42131722,PC040405,clothing accessories  gym suits
Handkerchiefs,53102512,PC040406,hand elbow guards
"Planer, woodworking",23231904,PC040407," jogging outfits  sweat suits"
Life vests or preservers,46161604,PC040408,clothing accessories  life preservers vest
Belt guards,26111809,PC040409,clothing accessories  mouth guards
Grounding devices or assemblies,39121613,PC040410,roller ice skates
Casing patch parts and accessories,20121712,PC040411,clothing accessories  shin guards
Shoulder boards or epaulettes,53102520,PC040412,shoulder pads
Ski boots,49151501,PC040413,skiing snow  ski boots
"Planer, woodworking",23231904,PC040414,sports " uniform  athletic"
Case for medical clothing,42171923,PC040415,clothing accessories  waders
Youth sports,90141703,PC041034, sports athletic cup
Fire retardant footwear,46181601,PC041042, shoes  footwear bowling shoes
Boys folkloric clothing,53102201,PC041050, clothing sweatbands
Baby baths or tubs,56101810,PC040500,infant toddler baby  childrens
Carriages or perambulators or strollers,56101803,PC040501,infant toddler baby   children'clothing below age 11
Carriages or perambulators or strollers,56101803,PC040502,infant toddler baby   children'clothing ages 11   14
Carriages or perambulators or strollers,56101803,PC040503,shoes  hearing  infant toddler baby   children'footwear below age 11
Case for medical clothing,42171923,PC040600,clothing accessories  
Leather fleshing machines,23141601,PC040601,leather sheep fur
Medical exam or non surgical procedure gloves,42132203,PC040602,apparel  gloves
Belts or suspenders,53102501,PC040605,scuba  wetsuits
Swim goggles or swim fins,49141606,PC040606,surf business consumer swim fins
Barber and salon hair cutting gown or cape,53131642,PC041146, bath body  drama play costumes capes robes   dress   toy cowboy hats   santa witches hats hair
Organic light emitting displays,43211905,PC049328, respiration protection  drama play costumes   masks 
Drain or pipe cleaning equipment,47121808,PC060000,computer cleaning equipment
Single gas monitors,41113117,PC070100,"computer packages cpu  monitor  mouse  keyboard speakers"
Notebook computers,43211503,PC070110,"laptop computers  notebook computers  tablet computers  netbook computers  notepads  mini notebooks  lapdocks  devices commonly called ultra mobile pcs umpc utilize touch sensitive screens  operate  business" printed 
Notebook computers,43211503,PC070200,computer hardware cpu 
Single gas monitors,41113117,PC070300,computer hardware monitor
Notebook computers,43211503,PC070400,computer hardware peripheral
Security chains or accessories,46171514,PC070500,computer hardware accessories
Band printers,43212101,PC070600,computer hardware printer
Connector mounting hardware,39121724,PC070601,computer hardware supplies
Cabling die,23251813,PC077426,cabling
Computer servers,43211501,PC078954,computer hardware b2b   equipment   servers
Single gas monitors,41113117,PC080100,"computer hardware packages cpu  monitor  mouse  keyboard speakers"
Notebook computers,43211503,PC080110,"laptop computers  notebook computers  tablet computers  netbook computers  notepads  mini notebooks  lapdocks  devices commonly called ultra mobile pcs umpc utilize touch sensitive screens  operate  consumer" printed 
Banking ATM and kiosk depot repair service,81112601,PC080200,"computer hardware packages cpu  monitor  mouse  keyboard speakers  cpu "
Single gas monitors,41113117,PC080300,"computer hardware packages cpu  monitor  mouse  keyboard speakers monitor"
Hang rails,56131701,PC080400,"computer hardware packages cpu  monitor  mouse  keyboard speakers  accessories"
Single gas monitors,41113117,PC080500,"computer hardware packages cpu  monitor  mouse  keyboard speakers  peripheral"
Single gas monitors,41113117,PC080600,"computer hardware packages cpu  monitor  mouse  keyboard speakers  printer"
Single gas monitors,41113117,PC080601,"computer hardware packages cpu  monitor  mouse  keyboard speakers  supplies"
Cabling die,23251813,PC087426,cabling
Computer servers,43211501,PC088954,computer hardware b2c   equipment   servers
Organic light emitting displays,43211905,PC090200,desktop computer display
Live dick wilden daffodil,10212901,PC098212,durable disposable cell phones bundled prepaid minutes il
Domestic disposable cookware,52151501,PC098213,durable disposable prepaid wireless phones minutes
Antiques,49101601,PC100000,collectible coins
Local currency,64151504,PC100001,numismatic   coins    currency
Local currency,64151504,PC100002,numismatic   coins   currency nations 
Onion skin paper,14111501,PC100003,numismatic   paper    currency
Onion skin paper,14111501,PC100004,numismatic   paper   currency nations 
Live french marigold,10225001,PC100005,numismatic – coins –  currency – gold silver 
Live french marigold,10225001,PC100006,numismatic – coins – currency nations  – gold silver 
Live french marigold,10225001,PC100100,bullion coins    minted   gold silver   minimum fineness
Carboplatin,51112701,PC100101,bullion coins    minted   platinum   minimum fineness
Gold,11101801,PC100102,bullion coins    minted   precious metals   minimum fineness
Palladium,11101718,PC100103,bullion coins –  minted – palladium – minimum fineness
Live french marigold,10225001,PC100200,bullion coins   minted nations    gold silver   minimum fineness
Live single bloom burgundy bi color carnation,10241501,PC100201,bullion coins   minted nations     platinum   minimum fineness
Gold,11101801,PC100202,bullion coins   minted nations     precious metals   minimum fineness
Live single bloom burgundy bi color carnation,10241501,PC100203,bullion coins – minted nations  – palladium – minimum fineness
Live french marigold,10225001,PC100220,bullion coins   minted nations     gold silver   fineness 90% minimum fineness standards
Platinum-cobalt colorimetric standards,41151527,PC100221,bullion coins   minted nations     platinum   fineness 90% minimum fineness standards
Gold,11101801,PC100222,bullion coins   minted nations     precious metals   fineness 90% minimum fineness standards
Blood bank quality controls or calibrators or standards,41116103,PC100223,bullion coins – minted nations  – palladium – fineness 90% minimum fineness standards
Live french marigold,10225001,PC100300,bullion   gold silver   minimum fineness standard
Platinum-cobalt colorimetric standards,41151527,PC100301,bullion   platinum   minimum fineness standard
Gold,11101801,PC100302,bullion   precious metals   minimum fineness standard
Blood bank quality controls or calibrators or standards,41116103,PC100303,bullion – palladium – minimum fineness standards
Live french marigold,10225001,PC100310,bullion   gold silver   90% pure minimum fineness standards
Platinum-cobalt colorimetric standards,41151527,PC100311,bullion   platinum   90% pure minimum fineness standards
Gold,11101801,PC100312,bullion   precious metals   90% pure minimum fineness standards
Blood bank quality controls or calibrators or standards,41116103,PC100313,bullion – palladium – 90% pure minimum fineness standards
Single core 60 volt class a automotive cable,26121802,PC168330,cable
Shower head,30181801,PC168346,"rack accessories screws  shelves  connectors  "
Microscope slide racks,41122802,PC168354,racks
Mailing list compilation services,80141801,PD010000,materials direct mail services
Cable pothead,39122101,PD071521,distribution equipment   servers
Pneumatic adapters,27131614,PD078658,connectors & adapters
Abaca fibers,11121807,PD078666,dark fiber
Duct tape,31201501,PD078690,hardware & tape
Single core 60 volt class a automotive cable,26121802,PD078738,trunk & distribution cable
Mechanical connectors,39121408,PD078746,trunk & distribution connectors
Veterinary stereotaxic equipment ,42121504,PE020100,titled equipment   equipment rented seller dealer license unit tax jurisdiction
Commercial fish hooks,21111501,PE070200,energy efficient equipment commercial residential 
Aircraft cargo handling equipment,25191505,PE070201,energy efficient equipment commercial residential air conditioners
Commercial fish hooks,21111501,PE070202,energy efficient equipment commercial residential clothes washers
Commercial fish hooks,21111501,PE070203,energy efficient equipment commercial residential ceiling fans
Commercial fish hooks,21111501,PE070204,energy efficient equipment commercial residential dehumidifiers
Commercial fish hooks,21111501,PE070205,energy efficient equipment commercial residential dishwashers
Commercial fish hooks,21111501,PE070206,energy efficient equipment commercial residential programmable thermostats
Commercial fish hooks,21111501,PE070209,energy efficient equipment commercial residential refrigerators
Aircraft cargo handling equipment,25191505,PE070212,energy efficient equipment   air conditioners
Commercial fish hooks,21111501,PE070215,energy efficient equipment   commercial residential   trash compactors
Commercial use food choppers or cubers or dicers,48101603,PE070216,energy efficient equipment   commercial residential   food waste disposers
Commercial fish hooks,21111501,PE070217,energy efficient equipment   commercial residential   compact refrigerators
Aircraft cargo handling equipment,25191505,PE070218,energy efficient equipment   commercial residential   portable air conditioners
Commercial fish hooks,21111501,PE070219,energy efficient equipment   commercial residential   range hoods downdrafts
Commercial fish hooks,21111501,PE070220,energy efficient equipment   commercial residential   clothes dryers
Commercial fish hooks,21111501,PE070221,energy efficient equipment   commercial residential   steam cleaners
Carbonated beverage dispenser,48101701,PE070222,energy efficient equipment   commercial residential   electric cold beverage dispensers
Carbonated beverage dispenser,48101701,PE070223,energy efficient equipment   commercial residential   electric hot beverage dispensers
Carbonated beverage dispenser,48101701,PE070224,energy efficient equipment commercial residential   electric hot cold combo beverage dispensers
Surface data logging units,20122903,PE070225,energy efficient equipment   commercial residential   surface cooking units
Commercial fish hooks,21111501,PE070226,energy efficient equipment   commercial residential   ranges
Commercial fish hooks,21111501,PE070227,energy efficient equipment   commercial residential   ovens
Commercial fish hooks,21111501,PE070228,energy efficient equipment   commercial residential   microwave ovens
Electrophoresis system power supplies,41105303,PE080100,energy efficient supplies commercial 
Shadowless or scialytic operation light,39101608,PE080101,energy efficient supplies commercial incandescent fluorescent light bulb
Electrophoresis system power supplies,41105303,PE080200,energy efficient supplies commercial residential 
Shadowless or scialytic operation light,39101608,PE080201,energy efficient supplies commercial residential incandescent fluorescent light bulb
Shadowless or scialytic operation light,39101608,PE080772,compact fluorescent light bulbs
Brass coil,30261701,PE089124, night  leather sheepweatherization  programmable thermostat  window film  caulking  weather strip  insulation  water heater  water heater blanket  natural gas furnace  energy star window  85% efficient oil furnace
Commercial use bain maries,48101501,PE090001,restaurant industry   cooking equipment
Pet food bowls or equipment,10111304,PE090002,restaurant industry   holding equipment
Pet food bowls or equipment,10111304,PE090003,restaurant industry   preservation equipment
Pet food bowls or equipment,10111304,PE090004,restaurant industry   bar equipment
Carbonated beverage dispenser,48101701,PE090005,restaurant industry   beverage equipment
Pet food bowls or equipment,10111304,PE090006,restaurant industry   concession equipment
Commercial use food choppers or cubers or dicers,48101603,PE090007,restaurant industry   food preparation equipment
Livestock breeding,70121601,PE090008,restaurant industry   refrigeration
Pet food bowls or equipment,10111304,PE090009,restaurant industry   warewash equipment
Ticket dispensing machines,48111301,PE090010,restaurant industry   ice machines
Livestock breeding,70121601,PE090101,restaurant industry   dinnerware
Livestock breeding,70121601,PE090102,restaurant industry   glassware
Livestock breeding,70121601,PE090103,restaurant industry   flatware
Livestock breeding,70121601,PE090104,restaurant industry   tabletop items
Blowers or dryers,23151601,PE090105,restaurant industry   server supplies
Blowers or dryers,23151601,PE090106,restaurant industry   janitorial supplies
Blowers or dryers,23151601,PE090107,restaurant industry   restroom supplies
Blowers or dryers,23151601,PE090108,restaurant industry   catering supplies
Livestock breeding,70121601,PE090300,restaurant industry   disposables
Blowers or dryers,23151601,PE090400,restaurant industry   wrapping supplies
Chamois leather,11162301,PE090200, leather sheeprestaurant industry   furniture
Blowers or dryers,23151601,PE090501,restaurant industry   cooking supplies
Blowers or dryers,23151601,PE090502,restaurant industry   food preparation supplies
Domestic kitchen tongs,52151611,PE090503,restaurant industry   kitchen utensils
Livestock breeding,70121601,PE090504,restaurant industry   kitchen racks shelving
Thru tubing parts and accessories,20111711,PE090600,restaurant industry   accessories replacement 
Blowers or dryers,23151601,PE090700,restaurant industry   bar supplies
Electrophoresis system power supplies,41105303,PE200706,exercise supplies
Extremity exercise skates for rehabilitation or therapy,42251604,PE308914,equipment   exercise physical therapy   retail 
Plain weave silk fabrics,11161501,PF012394,fabric commercial   fabric clothes 
Chain gun systems,46111601,PF030011,gun safes
Concrete blocks,30131502,PF030746,gun locks   trigger locks cables include gun cabinets 
Stone tiles or flagstones,30131702,PF040100,flags american
Nickel briquette or compact,11101903,PF040723,ct flag
Stone tiles or flagstones,30131702,PF040724,md flag
Stone tiles or flagstones,30131702,PF040726,fl flag
Camouflage cloth,11162127,PF040727,us flag kit   cloth car flags
Stone tiles or flagstones,30131702,PF040728,nj flag
Telephony cable air dryers,43222902,PF040729,ny flag accessories
Stone tiles or flagstones,30131702,PF040730,pa flag
Live black bearded iris,10214901,PF040731,ri flag
Stone tiles or flagstones,30131702,PF040732,wi flag
Stone tiles or flagstones,30131702,PF040733,wv flag
Aircraft power supply units,25202003,PF040739,pow flags
Mobile medical services disaster body pouches,42171501,PF040740,military service flags
Business letterhead paper,14111828,PF041200,us flags   hand held flags   include paper flags sticker flags
Stone tiles or flagstones,30131702,PF049391,flags   
Poultry food,10121604,PF050001,food food ingredients ssuta
Poultry food,10121604,PF050002,food food ingredients   food home consumption basic groceries
Poultry food,10121604,PF050122,food food ingredients    sweet bagels  prepared seller
Poultry food,10121604,PF050123,food food ingredients    sweet bagels prepared seller
Chataigne breadfruit purees,50382701,PF050124,"food food ingredients   fruit snacks 1st ingredient fruit fruit puree  flour"
Bird treats or snacks,10121603,PF050125,"food food ingredients   prepackaged  ready eat  puddings gelatin specifically babies"
Poultry food,10121604,PF050126,food food ingredients   granola
Poultry food,10121604,PF050232,food food ingredients   corn husks
Hot rolled c360 brass bar,30261501,PF050062,"unsweetened baking chocolate bars  drops  pieces"
Vitamin A supplement,50501501,PF050032,vitamins supplements   prescription
Mobile medical services heimlich maneuver assist devices,42171807,PF050067,food & food ingredients   ice cream   containers 200 ml approximately 0 42 pint storage equipment
Mobile medical services heimlich maneuver assist devices,42171807,PF050068,food & food ingredients  ice cream   containers 200 ml approximately 0 42 pint storage equipment
Bird treats or snacks,10121603,PF050069,"food & food ingredients  potato snacks  unshelled roasted salted nuts  products"
"Transplantation of other body system into products of conception,  via natural or artificial opening",85791001,PF050070,"food & food ingredients  fruit snacks  roasted nuts products "
Sweet biscuits or cookies,50181905,PF050071,food & food ingredients  biscuits cookies chocolate
Poultry food,10121604,PF050072,food & food ingredients  bakery products   bread ingredient weight limits
Vegetable flour,50221301,PF050073,food & food ingredients  bakery products   flour  egg based products
Poultry food,10121604,PF050075,"food & food ingredients  bakery products   sweets  chocolates  confectionery"
Frozen sandwiches or filled rolls,50192502,PF051530,frozen sandwiches
Jellied alcohol fuels,15101606,PF051538,lunchables candy drink   lunchables candy contains drink 70 100% juice content kids fuel variety   disney garden foodles   taylor farms veggies dips alcohol 
Salicyl alcohol,51271504,PF051546,lunchables  candy  lunchables candy drink 0 69% juice content alcohol 
Fruit or vegetable spraying services,73131702,PF051554,"food eligible pr   pastry shop items   cinnamon fruit breads  cakes  pies  turnovers  donuts  tarts  bagels  croissants  danish  cookies  crackers"
Polymerase chain reaction PCR optimizing products,41106307,PF051562,rice krispies treats products   hershey snacks barz
Poultry food,10121604,PF051818,food items contain significant amount alcohol   whipsy whipped cream alcohol   baba cakes
Business forms or questionnaires,14111806,PF058770,grocery items     business consumption
Poultry food,10121604,PF050080,food & food ingredients   honey
Poultry food,10121604,PF050081,food & food ingredients   yogurt
Poultry food,10121604,PF050082,food food ingredients   single pieces fruit
Infant foods,50193001,PF050083,food & food ingredients   food items brewing alcoholic beverages
Poultry food,10121604,PF050084,food & food ingredients   appetizers basic foodstuffs
Chicken hatching eggs,10102101,PF050085,food & food ingredients   appetizers flour egg based items
Crisps or chips or pretzels or mixes,50192109,PF050086,"food & food ingredients   appetizers sweets  confectionery  savory snack products"
Poultry food,10121604,PF050087,food & food ingredients   canned food
Poultry food,10121604,PF050088,food & food ingredients   cheeses foie
Poultry food,10121604,PF050089,food & food ingredients   hams iberian cold meats
Processed royal jelly food,50192405,PF050091,food & food ingredients   jam jelly
Poultry food,10121604,PF050092,food & food ingredients   ready meals basic foodstuffs
Chicken hatching eggs,10102101,PF050093,food & food ingredients   ready meals flour  egg based bakery items
Crisps or chips or pretzels or mixes,50192109,PF050094,"food & food ingredients   ready meals sweets  confectionery  savory snack products"
Poultry food,10121604,PF050095,food & food ingredients   rice pulses
Poultry food,10121604,PF050096,food & food ingredients    alcoholic beer wine
Frozen juices,50202303,PF051834,beverage   alcoholic beers   alcoholic wines juice content 0 50%  alcoholic 1 2 1% 0 5% abv
Frozen juices,50202303,PF051842,beverage   alcoholic wines 50% juice content unsure juice % alcoholic 1 2 1% 0 5% abv
Infant foods,50193001,PF050100,food food ingredients beverages carbonated beverages
Sterile water for irrigation,51473504,PF058754,bottled water   business consumption
Infant foods,50193001,PF059392,food food ingredients   beverages carbonated   100% juice content
Infant foods,50193001,PF050110,food food ingredients beverages carbonated beverages carbonated beverage sweetened
Infant foods,50193001,PF050101,food food ingredients beverages carbonated beverages100% juice content
Infant foods,50193001,PF050112,food food ingredients beverages carbonated beverages soft drinks alcohol 
Infant foods,50193001,PF050114,food food ingredients beverages carbonated beverages water mineral bottled
Infant foods,50193001,PF050115,food food ingredients beverages carbonated beverages water plain bottled
Slide or specimen labels,41122701,PF051850,beverage   nutritional label   powder   contains milk milk derivatives whey protein isolate   milk
Slide or specimen labels,41122701,PF051858,beverage   nutrition label   carbonated   contains milk   rtd
Coffee drinks,50201708,PF051970,beverage   nutrition label   tea & coffee   sweetened   carbonated   ready drink rtd alcohol 
Alcohol cocktails or drink mixes,50202207,PF051971,beverage   nutrition label   carbonated   tea   unsweetened   ready drink rtd alcohol 
Slide or specimen labels,41122701,PF051986,beverage   nutrition label   carbonated   0   50% juice   soda
Sport or energy drink,50202309,PF051994,beverage   supplement label   carbonated   energy drink   juice   ready drink rtd alcohol 
Alcohol cocktails or drink mixes,50202207,PF052050,beverage   nutrition label   carbonated   fruit juice = 100%   ready drink rtd alcohol 
Alcohol cocktails or drink mixes,50202207,PF052058,beverage   nutrition label   carbonated   fruit juice = 100%   additives   ready drink rtd alcohol 
Alcohol cocktails or drink mixes,50202207,PF052106,beverage   nutrition label   carbonated   fruit juice = 50 01% 99 99%   ready drink rtd alcohol 
Slide or specimen labels,41122701,PF052202,beverage   water   nutrition label   artificially carbonated   unsweetened   flavored
Slide or specimen labels,41122701,PF052210,beverage   water   nutrition label   artificially carbonated   sweetened   flavored
Chocolate or malt or other hot beverages,50202307,PF052131,beverage   nutrition label   hot cocoa mixes
Slide or specimen labels,41122701,PF052132,beverage   nutrition label   beverage powders milk coffee
Slide or specimen labels,41122701,PF052133,beverage   nutrition label   nesquik ovaltine milk flavoring powders
Slide or specimen labels,41122701,PF051866,"beverage   nutrition label   carbonated   contains milk  soy  whey rice   juice content 25%   50%   rtd"
Slide or specimen labels,41122701,PF051874,"beverage   nutrition label   carbonated   milk primary ingredient   contains soy  whey  rice juice content 0%   24 99%   rtd"
Fresh milk or butter products,50131701,PF051882,"beverage nutrition label carbonated contains milk  soy  whey rice  juice content 0%   24%   rtd body builder  athlete product  added protein  designed remedy dietary deficiency"
Fresh milk or butter products,50131701,PF051890,"beverage nutrition label carbonated contains milk  soy  whey rice  juice content 70 99% rtd  body builder  athlete products  added protein claims lots protein designed remedy dietary deficiency"
Slide or specimen labels,41122701,PF051898,"beverage   supplement label   carbonated   milk primary ingredient   contains soy  whey  rice juice content 0%   24 99%   rtd"
Alcohol cocktails or drink mixes,50202207,PF051906,beverage   nutrition label   coffee   contains milk   ready drink rtd alcohol 
Alcohol cocktails or drink mixes,50202207,PF051914,beverage   supplement label   coffee   ready drink rtd alcohol 
Coffee,50201706,PF051930,beverage   supplement label   unsweetened   concentrates coffee & tea
Live bouquet protea,10218101,PF051946,beverage   tea   contains active ingredients   unsweetened   concentrate
Coffee,50201706,PF051954,"beverage   nutrition label   tea  coffee  cappuccino  frappuccino   sweetened   powders   milk milk derivatives    mix water"
Arnolol,51261701,PF051962,beverage   nutrition label   tea & coffee   sweetened   milk milk derivatives   ready drink rtd alcohol 
Live bouquet protea,10218101,PF051977,beverage   nutrition label   tea   sweetened   liquid concentrate 
Alcohol cocktails or drink mixes,50202207,PF051978,beverage   supplement label   tea   sweetened & unsweetened   carbonated   ready drink rtd alcohol 
Alcohol cocktails or drink mixes,50202207,PF052002,beverage   supplement label   carbonated   contains juice   ready drink rtd alcohol 
Kiwi fruit concentrate,50202802,PF052018,beverage   nutrition label   liquid concentrate   sweetened   fruit juice = 0% 
Alcohol cocktails or drink mixes,50202207,PF052025,beverage   nutrition label   carbonated   sweetened   fruit juice = 0%   ready drink alcohol 
Alcohol cocktails or drink mixes,50202207,PF052026,beverage   nutrition label   carbonated   fruit juice = 0 1% 9 99%   ready drink rtd alcohol 
Alcohol cocktails or drink mixes,50202207,PF052034,beverage   nutrition label   carbonated   fruit juice = 10% 24 99%   ready drink rtd alcohol 
Alcohol cocktails or drink mixes,50202207,PF052066,beverage   supplement label   carbonated   fruit juice = 100%   ready drink rtd  alcohol 
Kiwi fruit concentrate,50202802,PF052074,beverage   nutrition label   liquid concentrate   sweetened   fruit juice = 10% 24 99%  
Alcohol cocktails or drink mixes,50202207,PF052082,beverage   nutrition label   carbonated   fruit juice = 25% 50%   ready drink rtd alcohol 
Kiwi fruit concentrate,50202802,PF052090,beverage   nutrition label   liquid concentrate   sweetened   fruit juice = 25% 50%   
Alcohol cocktails or drink mixes,50202207,PF052098,beverage   nutrition label   carbonated   fruit juice = 50 01% 69 99%   ready drink rtd alcohol 
Alcohol cocktails or drink mixes,50202207,PF052114,beverage   nutrition label   carbonated   fruit juice = 70% 99 99%   ready drink rtd alcohol 
Powdered drink mix,50202311,PF052122,beverage   nutrition label   powdered drink mix   sweetened   mix water   tea alcohol 
Powdered drink mix,50202311,PF052130,beverage   nutrition label   powdered drink mix   unsweetened   mix water   tea   unsweetened concentrate alcohol 
Powdered drink mix,50202311,PF052138,beverage   nutrition label   tang powdered drink mix   sweetened   mix water alcohol 
Powdered drink mix,50202311,PF052139,beverage   nutrition label   powdered drink mix   sweetened   milk alcohol 
Slide or specimen labels,41122701,PF052140,beverage   nutrition label   liquid concentrate   sweetened   milk
Kiwi fruit concentrate,50202802,PF052141,beverage   nutrition label   frozen concentrate   fruit juice = 0% 
Kiwi fruit concentrate,50202802,PF052142,beverage   nutrition label   frozen concentrate   fruit juice = 10% 24 99% 
Kiwi fruit concentrate,50202802,PF052143,beverage   nutrition label   frozen concentrate   fruit juice = 25% 50% 
Kiwi fruit concentrate,50202802,PF052144,beverage   nutrition label   frozen liquid concentrate   fruit juice = 50 01%   69 99%
Kiwi fruit concentrate,50202802,PF052145,beverage   nutrition label   frozen liquid concentrate   fruit juice = 70%   99 99%
Alcohol cocktails or drink mixes,50202207,PF052146,beverage   nutrition label   carbonated   vegetable juice = 100%   ready drink rtd alcohol 
Kiwi fruit concentrate,50202802,PF052147,beverage   nutrition label   frozen liquid concentrate   fruit juice = 100%
Alcohol cocktails or drink mixes,50202207,PF052154,beverage   nutrition label   carbonated   vegetable juice = 25% 50 00%   ready drink rtd alcohol 
Tomato juice,50203101,PF052162,beverage   nutrition label   carbonated   liquid concentrate   vegetable juice = 25% 50 00%
Slide or specimen labels,41122701,PF052167,beverage   nutrition label   carbonated   vegetable juice = 0 1% 9 99%   rtd
Slide or specimen labels,41122701,PF052168,beverage   nutrition label   carbonated   vegetable juice = 10% 24 99%   rtd
Tomato juice,50203101,PF052169,beverage   nutrition label   carbonated   frozen concentrate   vegetable juice = 25% 50 00% 
Alcohol cocktails or drink mixes,50202207,PF052170,beverage   nutrition label   carbonated   vegetable juice = 50 01% 69 99%   ready drink rtd alcohol 
Alcohol cocktails or drink mixes,50202207,PF052178,beverage   nutrition label   carbonated   vegetable juice = 70% 99 99%   ready drink rtd alcohol 
Slide or specimen labels,41122701,PF052234,beverage   water   supplement label   carbonated   sweetened   flavored   juice
Slide or specimen labels,41122701,PF052242,beverage   water   nutrition label   naturally carbonated water
Slide or specimen labels,41122701,PF052250,beverage   water   nutrition label   naturally carbonated   flavored
Frozen bambarra groundnut peanuts,50445301,PF050102,"food & food ingredients   potato snacks  unshelled roasted salted nuts  products  2 5 oz   5 oz  labeled single serving"
Bird treats or snacks,10121603,PF050104,"food & food ingredients   snacks candy  eating utensils  2 5 oz   5 oz  labeled single serving"
Bird treats or snacks,10121603,PF050105,"food & food ingredients   snacks candy  eating utensils  labeled single serving 2 5 oz"
Medical single photon emission computed tomography SPECT units,42202501,PF050103,"food & food ingredients   potato snacks  unshelled roasted salted nuts  products  labeled single serving 2 5 oz"
Infant foods,50193001,PF050200,food food ingredients beverages carbonated beverages
Infant foods,50193001,PF050201,food food ingredients beverages carbonated beverages 100% juice content
Infant foods,50193001,PF050202,food food ingredients beverages carbonated beverages 99% 70% juice content
Infant foods,50193001,PF050203,food food ingredients beverages carbonated beverages 69% 51% juice content
Infant foods,50193001,PF050204,food food ingredients beverages carbonated beverages 50% 25% juice content
Infant foods,50193001,PF050205,food food ingredients beverages carbonated beverages  24% 15% juice content
Infant foods,50193001,PF050206,food food ingredients beverages carbonated beverages <15% juice content
Infant foods,50193001,PF050208,food food ingredients beverages carbonated beverages alcoholic > = 5%
Chocolate or malt or other hot beverages,50202307,PF05020H,non carbonated beverages hostess credits
Infant foods,50193001,PF050222,"food food ingredients beverages carbonated beverages water flavored bottled  unsweetened"
Infant foods,50193001,PF050224,food food ingredients beverages carbonated beverages water plain bottled
Infant foods,50193001,PF050226,"food food ingredients beverages carbonated beverages water flavored bottled  sweetened"
Frozen juices,50202303,PF050233,beverage   supplement label   carbonated   contains juice   labeled marketed dietary supplement   advertised beverage drink additives   alternative pills   rtd   2 5 oz alcohol 
Diagnosis of moderate protein-energy malnutrition,85264001,PF050669,"beverage   nutrition label   carbonated   energy shots & drinks   milk milk ingredients  soy rice    juice   ready drink rtd" alcohol 
Diagnosis of moderate protein-energy malnutrition,85264001,PF050670,"beverage   nutrition label   powdered energy shots & drinks   milk milk ingredients  soy rice" alcohol 
Alcohol free cocktails or drink mixes,50202308,PF051777,non alcoholic cocktail mixes  equal 9 99% juice
Alcohol free cocktails or drink mixes,50202308,PF051778,non alcoholic cocktail mixes  10%   24% juice
Alcohol free cocktails or drink mixes,50202308,PF051786,non alcoholic cocktail mixes  100% juice
Alcohol free cocktails or drink mixes,50202308,PF051794,non alcoholic cocktail mixes  25   50% juice
Alcohol free cocktails or drink mixes,50202308,PF051802,non alcoholic cocktail mixes   51 99% juice   bloody mary mixes
Clementine juice,50202401,PF051810,non alcoholic cocktail mixes  equal 50% juice powder liquid concentrate rtd
Alcohol cocktails or drink mixes,50202207,PF051811,beverage   alcoholic cocktail mixes   50 00% juice   frozen powder concentrate form 
Polymerase chain reaction PCR optimizing products,41106307,PF051826,cocktail rimmers  products cocktail beverage    stirrings rimmer   margarita salt
Kiwi fruit concentrate,50202802,PF052070,beverage   nutrition label   liquid concentrate   sweetened   fruit juice = 0 1% 9 99%
Infant foods,50193001,PF050211,food food ingredients beverages carbonated beverages coffee powder beans
Infant foods,50193001,PF050214,food food ingredients beverages carbonated beverages hot chocolate mixes
Infant foods,50193001,PF050215,food food ingredients beverages carbonated beverages milk products
Infant foods,50193001,PF050216,food food ingredients beverages carbonated beverages carbonated beverage sweetened
Infant foods,50193001,PF050218,food food ingredients beverages carbonated beverages soft drinks alcohol 
Infant foods,50193001,PF050219,food food ingredients beverages carbonated beverages tea bags
Slide or specimen labels,41122701,PF050227,"beverage   nutrition label   beverages milks animal sources  soy  rice  almond milk"
Infant foods,50193001,PF050220,"food food ingredients beverages carbonated beverages tea liquid  unsweetened"
Infant foods,50193001,PF050221,food food ingredients beverages carbonated beverages tea powder loose
Poultry food,10121604,PF050300,food food ingredients candy
Poultry food,10121604,PF050097,"food & food ingredients   chocolate  cocoa beans  cocoa butter  chocolate cookies "
Poultry food,10121604,PF050099,"food & food ingredients   milk chocolate  white chocolate  filled chocolate"
Coffee machine and grinder rental and maintenance service,90101901,PF050111,food food ingredients   ice cream 16 oz 1 pint
Poultry food,10121604,PF050113,food & food ingredients   confectionery spreads dessert sauces
Nuts or dried fruits,50192110,PF050236,food   trail mix   contains flour   contains confection item candy   caramel popcorn   confection nuts fruits
Nuts or dried fruits,50192110,PF050237,food   trail mix   contains flour   contains confection item candy   caramel popcorn   confection nuts fruits   individual sized portion
Poultry food,10121604,PF050301,food food ingredients candy breathe mints
Poultry food,10121604,PF050302,"food food ingredients candy candy  caramel  chocolate  gazed  honey  yogurt coated fruit"
Poultry food,10121604,PF050304,"food food ingredients candy candy  caramel  chocolate  gazed  honey  yogurt coated nuts"
Poultry food,10121604,PF050305,"food food ingredients candy candy  caramel  chocolate  gazed  honey  yogurt coated "
Poultry food,10121604,PF050306,"food food ingredients candy candy  caramel  chocolate  gazed  honey  yogurt coated popcorn"
Poultry food,10121604,PF050307,"food food ingredients candy candy  caramel  chocolate  gazed  honey  yogurt coated potato chips"
Coffee machine and grinder rental and maintenance service,90101901,PF050905,food food ingredients   empty ice cream cones; ice cream novelties
Poultry food,10121604,PF051370,food   candy   contain flour   alcohol
Dried chataigne breadfruit,50322301,PF051378,food   dried fruit   sweetened
Slide or specimen labels,41122701,PF051410,chewing gum candy  supplement label
Anchor nuts,31161701,PF051428,confection nuts labeled candy contain flour   nuts ingredient
Frozen confections machines,48111105,PF051434,confection pretzels
Dried ben lear cranberries,50322701,PF051450,food   craisins   dried cranberries added sugar
Vegetable flour,50221301,PF051490,confection popcorn contains flour
Poultry food,10121604,PF051522,food staples  kelloggs fruit twistables   stretch island   fruit streamers   unsweetened baking chocolate unsweetened coconut
Poultry food,10121604,PF051531,food food ingredients   cooked frozen sandwich items
Crisps or chips or pretzels or mixes,50192109,PF052322,snack items   candy
Business forms or questionnaires,14111806,PF058762,candy   business consumption
Bird treats or snacks,10121603,PF050106,"food & food ingredients   prepackaged  ready eat  puddings gelatin"
Chataigne breadfruit purees,50382701,PF050107,food food ingredients   fruit snacks 1st ingredient fruit fruit puree
Bird treats or snacks,10121603,PF050108,"food & food ingredients   prepackaged  ready eat dips"
Poultry food,10121604,PF050109,"food & food ingredients   fruit bars  granola bars  breakfast bars  contain flour  candy coated"
Pig food,10122101,PF050117,food & food ingredients   chocolate la taza chocolate familiar la taza
Poultry food,10121604,PF050118,food & food ingredients   coated granola cereal
Cereal flour,50221102,PF050119,food & food ingredients   coated granola cereal bars flour based
Cereal flour,50221102,PF050120,food & food ingredients   coated granola cereal bars flour based
Poultry food,10121604,PF050303,"food food ingredients candy candy  caramel  chocolate  glazed  honey  yogurt coated granola "
Nafetolol,51263301,PF050323,"candy  caramel  chocolate  glazed  honey  yogurt coated granola bars   individual sized portion   equal  2 499 ounces   labeled single serving    size "
Poultry food,10121604,PF050309,food food ingredients candy candy item flour ingredients
Poultry food,10121604,PF051514,food   candy   twix   size bars   family pack   10 count
Poultry food,10121604,PF050311,food food ingredients candy candy item marketed candy item 
"The diagnosis of examination for administrative purposes, unspecified",85451210,PF050313,"food food ingredients candy candy item cooking baking purposes  chocolate bars  chips "
Poultry food,10121604,PF050314,"food food ingredients candy gum  chewing  medicated"
Ben lear cranberries,50302701,PF051458,trail mix contains sweetened cranberries 
Ben lear cranberries,50302701,PF051459,trail mix contains sweetened cranberries   individual sized portion   equal 2 499 ounces   labeled single serving   size 
Anchor nuts,31161701,PF051506,trail mixes contain confection flour  candy   caramel popcorn   confection nuts fruits
Nuts or dried fruits,50192110,PF051507,food   trail mix   contain flour   contains confection item candy   caramel popcorn   confection nuts fruits   individual sized portion   equal  2 499 ounces 
Whole nuts or seeds,50101716,PF051418,food   nuts & seeds   honey roasted sweetened candy coated   nuts & seeds primary ingredient   flour
Whole nuts or seeds,50101716,PF051419,food   nuts & seeds   honey roasted sweetened candy coated   nuts & seeds primary ingredient   flour   individual sized portion   equal  2 499 ounces   labeled single serving    size 
Whole nuts or seeds,50101716,PF051426,"food   nuts & seeds  nuts  seeds popcorn contain sugar commonly candy   flour"
Nafetolol,51263301,PF051427,"food   nuts & seeds   nuts  seeds popcorn contain sugar commonly candy   flour   individual sized portion   equal 2 499 ounces   labeled single serving   size "
Hot rolled c360 brass bar,30261501,PF051474,candy yogurt granola bars contain flour ingredient granola
Carbon steel SAE 1200 series cold drawn bar,30263603,PF051475,candy yogurt granola bars contain flour ingredient granola  individual sized portion   equal 2 499 ounces   labeled single serving   size 
Hot rolled c360 brass bar,30261501,PF051570,sweetened granola bars grains nuts ingredient contain flour   fruit snacks fruit roll ups added sweeteners   jello bites   pudding bites   yogos
Metheptazine,51372501,PF051571,"sweetened granola bars grains nuts ingred contain flour   fruit snacks  fruit roll ups added sweeteners  jello bites  pudding bites  yogos   individ sized portion   = 2 499 ounces   labeled single serving size "
Poultry food,10121604,PF050401,"food combo pack #1   food 51% 74%  hard goods 26% 49%"
Poultry food,10121604,PF050402,"food combo pack #2   food 75% 89%  hard goods 11% 25%"
